metric,tower,spiral,delta
Overall Accuracy,0.4791666666666667,0.5075,0.028333333333333266
Avg Verification Calls,3.9391666666666665,3.8575,-0.08166666666666655
Efficiency (acc/call),0.1216416331711445,0.13156189241736876,0.009920259246224264
Adversarial Accuracy,0.4935483870967742,0.45806451612903226,-0.035483870967741915
Non-Adversarial Accuracy,0.47415730337078654,0.5247191011235955,0.050561797752809
High Difficulty Accuracy,0.36,0.43333333333333335,0.07333333333333336
